{
    "PlanNumber": [
        "006",
        "070"
    ],
    "BoneTracker": [
        [
            0.26727756967722877,
            -0.8492399741448615,
            0.45536157837686453,
            -81.8584581133275
        ],
        [
            0.8661455934922817,
            0.00462184147032631,
            -0.4997703967376683,
            40.84643319343125
        ],
        [
            0.4223203897769291,
            0.5279868415934799,
            0.7368007759786933,
            -1409.292384902568
        ],
        [
            0.0,
            0.0,
            0.0,
            1.0
        ]
    ],
    "ToolTracker": [
        [
            -0.3727945354397333,
            -0.5069650738329026,
            -0.7771812197035342,
            75.66675440498355
        ],
        [
            -0.8913803571827228,
            -0.03704734470848958,
            0.4517394747848056,
            -46.90574404009023
        ],
        [
            -0.2578086367348367,
            0.8611700808572311,
            -0.43808766093246104,
            -1079.5034380435643
        ],
        [
            0.0,
            0.0,
            0.0,
            1.0
        ]
    ]
}