{
    "BoneTracker": [
        [
            -0.4360625792556646,
            -0.6194414510590021,
            -0.6527953091764794,
            386.4085693359375
        ],
        [
            -0.8409711336332961,
            0.02227996607162963,
            0.5406210831140199,
            29.89773178100586
        ],
        [
            -0.3203388508570669,
            0.7847266350913324,
            -0.530647838787466,
            -1572.3580322265625
        ],
        [
            0.0,
            0.0,
            0.0,
            1.0
        ]
    ],
    "CameraTracker": [
        [
            0.6741275202556543,
            0.38673013947282714,
            -0.6292788616005545,
            138.48573303222656
        ],
        [
            -0.6015648651097025,
            -0.2068702342761832,
            -0.7715726921269715,
            -3.2599220275878906
        ],
        [
            -0.42856948036404496,
            0.8986904391356595,
            0.093186346138518,
            -1845.9429931640625
        ],
        [
            0.0,
            0.0,
            0.0,
            1.0
        ]
    ]
}