{
    "BoneTracker": [
        [
            -0.5737254922259637,
            -0.6827983777896032,
            -0.4523554297871995,
            364.4885559082031
        ],
        [
            -0.3692734782279914,
            -0.2773372884789652,
            0.8869730135108599,
            -96.18849182128906
        ],
        [
            -0.7310787630942899,
            0.6759218917205015,
            -0.0930238595495887,
            -1612.77392578125
        ],
        [
            0.0,
            0.0,
            0.0,
            1.0
        ]
    ],
    "CameraTracker": [
        [
            0.6747684344313665,
            0.3903046994321912,
            -0.6263783213810884,
            158.4084930419922
        ],
        [
            -0.7328873647122387,
            0.45437575131390795,
            -0.50637810701399,
            113.01123809814453
        ],
        [
            0.08696936552713908,
            0.8007527197700105,
            0.5926477969593225,
            -1744.8076171875
        ],
        [
            0.0,
            0.0,
            0.0,
            1.0
        ]
    ]
}