{
  "index": 0,
  "width": 640,
  "height": 480,
  "intrinsic": [
    [ 815.797906635000, 0.0, 330.768708415000 ],
    [ 0.0, 816.301153474000, 250.499192685000 ],
    [ 0.0, 0.0, 1.0 ]
  ],
  "rotation": [
    [ 0.044685769737, 0.998597994871, -0.028376030758 ],
    [ 0.991633676935, -0.040895043229, 0.122434507575 ],
    [ 0.121102416408, -0.033609694582, -0.992070830200 ]
  ],
  "translation": [ 64.833314619194, -3.331181025010, -23.760575174278 ],
  "distortion": [ 0.0, 0.0, 0.0, 0.0 ]
}