{
    "matrix": [
        [
            0.8530239874117009,
            -0.48534868028326333,
            0.1917986846866716,
            102.1918719439598
        ],
        [
            0.05593735279973696,
            0.45043685694521385,
            0.8910542354240143,
            -188.2071080518616
        ],
        [
            -0.5188651939203479,
            -0.749361926209633,
            0.41138256414849167,
            254.0204686880678
        ],
        [
            0.0,
            0.0,
            0.0,
            1.0
        ]
    ],
    "length": [
        0.0,
        50.0
    ]
}